{
  "Version": 1,
  "ManifestType": "Publish",
  "Endpoints": [
    {
      "Route": "index.azl0aapk3y.html",
      "AssetFile": "index.html.gz",
      "Selectors": [
        {
          "Name": "Content-Encoding",
          "Value": "gzip",
          "Quality": "0.001677852349"
        }
      ],
      "ResponseHeaders": [
        {
          "Name": "Accept-Ranges",
          "Value": "bytes"
        },
        {
          "Name": "Cache-Control",
          "Value": "max-age=31536000, immutable"
        },
        {
          "Name": "Content-Encoding",
          "Value": "gzip"
        },
        {
          "Name": "Content-Length",
          "Value": "595"
        },
        {
          "Name": "Content-Type",
          "Value": "text/html"
        },
        {
          "Name": "ETag",
          "Value": "\"Eln5NIB1/M1VpmUcAN+T0o0xarXzdQFg5vLpEeV+ErA=\""
        },
        {
          "Name": "ETag",
          "Value": "W/\"RrGbv/C/lTVumSJQFy3lUAKr+xDAaPE00aYqpy564Es=\""
        },
        {
          "Name": "Last-Modified",
          "Value": "Wed, 08 Jan 2025 11:42:10 GMT"
        },
        {
          "Name": "Vary",
          "Value": "Content-Encoding"
        }
      ],
      "EndpointProperties": [
        {
          "Name": "fingerprint",
          "Value": "azl0aapk3y"
        },
        {
          "Name": "integrity",
          "Value": "sha256-RrGbv/C/lTVumSJQFy3lUAKr+xDAaPE00aYqpy564Es="
        },
        {
          "Name": "label",
          "Value": "index.html"
        }
      ]
    },
    {
      "Route": "index.azl0aapk3y.html",
      "AssetFile": "index.html.br",
      "Selectors": [
        {
          "Name": "Content-Encoding",
          "Value": "br",
          "Quality": "0.002277904328"
        }
      ],
      "ResponseHeaders": [
        {
          "Name": "Accept-Ranges",
          "Value": "bytes"
        },
        {
          "Name": "Cache-Control",
          "Value": "max-age=31536000, immutable"
        },
        {
          "Name": "Content-Encoding",
          "Value": "br"
        },
        {
          "Name": "Content-Length",
          "Value": "438"
        },
        {
          "Name": "Content-Type",
          "Value": "text/html"
        },
        {
          "Name": "ETag",
          "Value": "\"ViponzwpLJEOnYnYYMIcO9+1n8e4enkaL+fCuVTSA7s=\""
        },
        {
          "Name": "ETag",
          "Value": "W/\"RrGbv/C/lTVumSJQFy3lUAKr+xDAaPE00aYqpy564Es=\""
        },
        {
          "Name": "Last-Modified",
          "Value": "Wed, 08 Jan 2025 11:42:10 GMT"
        },
        {
          "Name": "Vary",
          "Value": "Content-Encoding"
        }
      ],
      "EndpointProperties": [
        {
          "Name": "fingerprint",
          "Value": "azl0aapk3y"
        },
        {
          "Name": "integrity",
          "Value": "sha256-RrGbv/C/lTVumSJQFy3lUAKr+xDAaPE00aYqpy564Es="
        },
        {
          "Name": "label",
          "Value": "index.html"
        }
      ]
    },
    {
      "Route": "index.azl0aapk3y.html",
      "AssetFile": "index.html",
      "Selectors": [],
      "ResponseHeaders": [
        {
          "Name": "Accept-Ranges",
          "Value": "bytes"
        },
        {
          "Name": "Cache-Control",
          "Value": "max-age=31536000, immutable"
        },
        {
          "Name": "Content-Length",
          "Value": "1355"
        },
        {
          "Name": "Content-Type",
          "Value": "text/html"
        },
        {
          "Name": "ETag",
          "Value": "\"RrGbv/C/lTVumSJQFy3lUAKr+xDAaPE00aYqpy564Es=\""
        },
        {
          "Name": "Last-Modified",
          "Value": "Wed, 08 Jan 2025 11:42:10 GMT"
        }
      ],
      "EndpointProperties": [
        {
          "Name": "fingerprint",
          "Value": "azl0aapk3y"
        },
        {
          "Name": "integrity",
          "Value": "sha256-RrGbv/C/lTVumSJQFy3lUAKr+xDAaPE00aYqpy564Es="
        },
        {
          "Name": "label",
          "Value": "index.html"
        }
      ]
    },
    {
      "Route": "index.azl0aapk3y.html.br",
      "AssetFile": "index.html.br",
      "Selectors": [],
      "ResponseHeaders": [
        {
          "Name": "Accept-Ranges",
          "Value": "bytes"
        },
        {
          "Name": "Cache-Control",
          "Value": "max-age=31536000, immutable"
        },
        {
          "Name": "Content-Encoding",
          "Value": "br"
        },
        {
          "Name": "Content-Length",
          "Value": "438"
        },
        {
          "Name": "Content-Type",
          "Value": "text/html"
        },
        {
          "Name": "ETag",
          "Value": "\"ViponzwpLJEOnYnYYMIcO9+1n8e4enkaL+fCuVTSA7s=\""
        },
        {
          "Name": "Last-Modified",
          "Value": "Wed, 08 Jan 2025 11:42:10 GMT"
        },
        {
          "Name": "Vary",
          "Value": "Content-Encoding"
        }
      ],
      "EndpointProperties": [
        {
          "Name": "fingerprint",
          "Value": "azl0aapk3y"
        },
        {
          "Name": "integrity",
          "Value": "sha256-ViponzwpLJEOnYnYYMIcO9+1n8e4enkaL+fCuVTSA7s="
        },
        {
          "Name": "label",
          "Value": "index.html.br"
        }
      ]
    },
    {
      "Route": "index.azl0aapk3y.html.gz",
      "AssetFile": "index.html.gz",
      "Selectors": [],
      "ResponseHeaders": [
        {
          "Name": "Accept-Ranges",
          "Value": "bytes"
        },
        {
          "Name": "Cache-Control",
          "Value": "max-age=31536000, immutable"
        },
        {
          "Name": "Content-Encoding",
          "Value": "gzip"
        },
        {
          "Name": "Content-Length",
          "Value": "595"
        },
        {
          "Name": "Content-Type",
          "Value": "text/html"
        },
        {
          "Name": "ETag",
          "Value": "\"Eln5NIB1/M1VpmUcAN+T0o0xarXzdQFg5vLpEeV+ErA=\""
        },
        {
          "Name": "Last-Modified",
          "Value": "Wed, 08 Jan 2025 11:42:10 GMT"
        },
        {
          "Name": "Vary",
          "Value": "Content-Encoding"
        }
      ],
      "EndpointProperties": [
        {
          "Name": "fingerprint",
          "Value": "azl0aapk3y"
        },
        {
          "Name": "integrity",
          "Value": "sha256-Eln5NIB1/M1VpmUcAN+T0o0xarXzdQFg5vLpEeV+ErA="
        },
        {
          "Name": "label",
          "Value": "index.html.gz"
        }
      ]
    },
    {
      "Route": "index.html",
      "AssetFile": "index.html.gz",
      "Selectors": [
        {
          "Name": "Content-Encoding",
          "Value": "gzip",
          "Quality": "0.001677852349"
        }
      ],
      "ResponseHeaders": [
        {
          "Name": "Accept-Ranges",
          "Value": "bytes"
        },
        {
          "Name": "Cache-Control",
          "Value": "no-cache"
        },
        {
          "Name": "Content-Encoding",
          "Value": "gzip"
        },
        {
          "Name": "Content-Length",
          "Value": "595"
        },
        {
          "Name": "Content-Type",
          "Value": "text/html"
        },
        {
          "Name": "ETag",
          "Value": "\"Eln5NIB1/M1VpmUcAN+T0o0xarXzdQFg5vLpEeV+ErA=\""
        },
        {
          "Name": "ETag",
          "Value": "W/\"RrGbv/C/lTVumSJQFy3lUAKr+xDAaPE00aYqpy564Es=\""
        },
        {
          "Name": "Last-Modified",
          "Value": "Wed, 08 Jan 2025 11:42:10 GMT"
        },
        {
          "Name": "Vary",
          "Value": "Content-Encoding"
        }
      ],
      "EndpointProperties": [
        {
          "Name": "integrity",
          "Value": "sha256-RrGbv/C/lTVumSJQFy3lUAKr+xDAaPE00aYqpy564Es="
        }
      ]
    },
    {
      "Route": "index.html",
      "AssetFile": "index.html.br",
      "Selectors": [
        {
          "Name": "Content-Encoding",
          "Value": "br",
          "Quality": "0.002277904328"
        }
      ],
      "ResponseHeaders": [
        {
          "Name": "Accept-Ranges",
          "Value": "bytes"
        },
        {
          "Name": "Cache-Control",
          "Value": "no-cache"
        },
        {
          "Name": "Content-Encoding",
          "Value": "br"
        },
        {
          "Name": "Content-Length",
          "Value": "438"
        },
        {
          "Name": "Content-Type",
          "Value": "text/html"
        },
        {
          "Name": "ETag",
          "Value": "\"ViponzwpLJEOnYnYYMIcO9+1n8e4enkaL+fCuVTSA7s=\""
        },
        {
          "Name": "ETag",
          "Value": "W/\"RrGbv/C/lTVumSJQFy3lUAKr+xDAaPE00aYqpy564Es=\""
        },
        {
          "Name": "Last-Modified",
          "Value": "Wed, 08 Jan 2025 11:42:10 GMT"
        },
        {
          "Name": "Vary",
          "Value": "Content-Encoding"
        }
      ],
      "EndpointProperties": [
        {
          "Name": "integrity",
          "Value": "sha256-RrGbv/C/lTVumSJQFy3lUAKr+xDAaPE00aYqpy564Es="
        }
      ]
    },
    {
      "Route": "index.html",
      "AssetFile": "index.html",
      "Selectors": [],
      "ResponseHeaders": [
        {
          "Name": "Accept-Ranges",
          "Value": "bytes"
        },
        {
          "Name": "Cache-Control",
          "Value": "no-cache"
        },
        {
          "Name": "Content-Length",
          "Value": "1355"
        },
        {
          "Name": "Content-Type",
          "Value": "text/html"
        },
        {
          "Name": "ETag",
          "Value": "\"RrGbv/C/lTVumSJQFy3lUAKr+xDAaPE00aYqpy564Es=\""
        },
        {
          "Name": "Last-Modified",
          "Value": "Wed, 08 Jan 2025 11:42:10 GMT"
        }
      ],
      "EndpointProperties": [
        {
          "Name": "integrity",
          "Value": "sha256-RrGbv/C/lTVumSJQFy3lUAKr+xDAaPE00aYqpy564Es="
        }
      ]
    },
    {
      "Route": "index.html.br",
      "AssetFile": "index.html.br",
      "Selectors": [],
      "ResponseHeaders": [
        {
          "Name": "Accept-Ranges",
          "Value": "bytes"
        },
        {
          "Name": "Cache-Control",
          "Value": "no-cache"
        },
        {
          "Name": "Content-Encoding",
          "Value": "br"
        },
        {
          "Name": "Content-Length",
          "Value": "438"
        },
        {
          "Name": "Content-Type",
          "Value": "text/html"
        },
        {
          "Name": "ETag",
          "Value": "\"ViponzwpLJEOnYnYYMIcO9+1n8e4enkaL+fCuVTSA7s=\""
        },
        {
          "Name": "Last-Modified",
          "Value": "Wed, 08 Jan 2025 11:42:10 GMT"
        },
        {
          "Name": "Vary",
          "Value": "Content-Encoding"
        }
      ],
      "EndpointProperties": [
        {
          "Name": "integrity",
          "Value": "sha256-ViponzwpLJEOnYnYYMIcO9+1n8e4enkaL+fCuVTSA7s="
        }
      ]
    },
    {
      "Route": "index.html.gz",
      "AssetFile": "index.html.gz",
      "Selectors": [],
      "ResponseHeaders": [
        {
          "Name": "Accept-Ranges",
          "Value": "bytes"
        },
        {
          "Name": "Cache-Control",
          "Value": "no-cache"
        },
        {
          "Name": "Content-Encoding",
          "Value": "gzip"
        },
        {
          "Name": "Content-Length",
          "Value": "595"
        },
        {
          "Name": "Content-Type",
          "Value": "text/html"
        },
        {
          "Name": "ETag",
          "Value": "\"Eln5NIB1/M1VpmUcAN+T0o0xarXzdQFg5vLpEeV+ErA=\""
        },
        {
          "Name": "Last-Modified",
          "Value": "Wed, 08 Jan 2025 11:42:10 GMT"
        },
        {
          "Name": "Vary",
          "Value": "Content-Encoding"
        }
      ],
      "EndpointProperties": [
        {
          "Name": "integrity",
          "Value": "sha256-Eln5NIB1/M1VpmUcAN+T0o0xarXzdQFg5vLpEeV+ErA="
        }
      ]
    }
  ]
}